ENV_index,SOC_index,GOV_index,gdp_per_capita,inflation,fdi_inflows,R&D_expenditure,gdp_growth
-3.160364276779005,0.1604473426937425,1.934014923639713,45859.5162097045,4.45743514797223,3.57859921888914,1.57197999954224,3.9215029305806
-3.183351479300349,0.1419451688322669,1.7957152668715484,47486.2783216389,2.98157453936348,3.70306730541186,1.74653995037079,3.97958568067362
-2.7921707260924435,0.5663208091191336,1.7837910794489695,49902.0187022536,2.34325522482584,6.9807168533431,1.84801995754242,4.22428481359962
-2.6833808672758805,0.480088346300614,1.7530220196096729,51553.9685966991,3.55528773727026,4.08209296205438,2.17862010002136,2.75534610557227
-2.227346749848447,0.7186094968183951,1.806626860942866,53336.1012157008,4.35029854990048,4.2770159784301,2.39897990226746,3.58626695226046
-2.035968318088094,0.676126836634563,1.7667312958779458,53578.8125049759,2.91834002677376,3.0948394339821,2.37009000778198,2.21998026536549
-2.94520460240361,0.7674850239317955,1.801505570229585,54111.357240336,3.30385015608741,4.68881515477357,2.23445010185242,2.40708018291988
-2.0626350795978445,0.6736172957150416,1.7136841421680935,55728.0174035719,2.44988864142539,3.45392766613525,2.17708992958069,2.60219339436559
-2.153942680311722,0.6655117480001735,1.657731947259666,56739.0265346593,1.5083667216592,3.47020901785018,1.91902005672455,2.19016928695221
-2.201979425151951,0.6765026804089342,1.6109420240283323,57750.6482221688,1.94864740944521,3.63608951454837,1.87918996810913,2.27959179820343
-1.838085619864964,0.4005502655627764,1.6542875726582345,58924.733646242,1.6107678729038,2.78196787472132,1.82570004463196,2.17154505737176
-0.5748557873517965,0.4096950181609771,1.5623793064090878,59276.503107197,2.86391042204996,2.0246819461122,1.8550900220871,2.11116814768786
0.6915972061036691,-0.3126083981717623,-0.562641608802628,624.576885187665,-0.25808951753536,2.56255154786841,0.197190001606941,4.32684561452976
0.6492716717998216,-0.4808715522552649,-0.4636296536664075,669.276310328333,1.48299897161327,0.0182370342122821,0.613610029220581,6.20348941121868
0.6668630408633599,0.4960384961811964,-0.7230720963592928,717.021595096634,-3.23338933983324,1.0164787373679,0.174349993467331,5.88920497068135
0.6490492993514224,0.4258578367066338,-0.8052524337690985,713.8421779224,1.88470066518848,-0.557279533533573,0.251159995794296,2.01077262406221
0.8626494070972176,0.3276743955264242,-0.8438234009457047,745.472563435144,3.65326761825511,-0.405926078113797,0.251260012388229,6.94252492572348
-0.1804425940855952,-0.2823913031032201,-0.4913606417123106,2422.57579390006,3.34645420142013,2.43967814560444,0.157000005245209,3.35699957430565
0.419185284339773,-0.8180411853137194,0.2589828983213506,6817.784240857,7.04414105947266,5.03391680528314,1.04751002788544,4.38794944745618
0.3690401764082852,-1.5015892606898809,0.3792706013383781,6944.62337495755,8.45016437708332,3.25358061271527,1.0096800327301,3.05346185909312
0.3941046879072885,-1.5274173439640149,0.1978045112298473,6941.4404574508,14.7149197228147,1.81340052439304,0.999390006065369,1.14082899824888
0.3628758444818159,-1.3444126735626734,-0.0277233262971795,7258.78185165912,6.59718509985963,2.71353166307823,0.963429987430573,5.75996463670954
0.3792591079602433,-1.3832627748588082,-0.089841701213638,7409.56913232718,6.86953720898965,1.73389354602718,1.00246000289917,3.20213206130431
0.3965556984089591,-1.24962742924717,-0.0897214363874399,7622.04007133264,4.18356812896909,1.753125703626,0.988070011138916,3.96198871122617
0.4061397879357001,-0.789365924145386,-0.1059448379736795,8003.25413096047,3.64127299102653,3.19082601308524,1.08138000965118,6.06987060678338
0.3943200880759656,-0.6499215840021286,-0.032400283440713,8330.76459841304,5.67859390284167,2.99060946922903,1.12904000282288,5.09419544658736
0.4531414860536287,-0.6944842971572537,0.1961042754829471,8246.09706995094,4.88803479876799,1.88848224095724,1.11865997314453,-0.125812002161169
0.3591530920458969,-0.0764155524674234,0.1776623129480123,8792.63436120342,5.03872690108075,3.73001288350945,1.15991997718811,7.52822581815364
0.3584337166356621,-0.5265374378614077,0.1620285733503424,9067.99316348047,6.63644962213086,3.91518011405433,1.13966000080109,3.97442307944702
0.3065759435250165,-0.5101547051470222,0.1466131775947246,9167.49923929815,5.40349914037005,3.75496285641218,1.12683999538422,1.92117598576537
0.2573633409146516,-0.4757632840766415,-0.056469304148387,9366.73932434359,6.20431066640096,3.04150901624338,1.19567000865936,3.00482266944432
0.2104150831473107,-0.4027578017793254,-0.0953186048974147,9338.34278278114,6.32904015516141,3.57135266957477,1.26970994472504,0.503955740242247
0.2484740379440392,-0.4852788444182783,-0.2959938289554559,8936.19661712113,9.02990102416137,3.59214931791344,1.37092995643616,-3.54576339269425
0.3199394214219189,-0.7532305872500206,-0.3178182481145762,8577.84376650911,8.73914352329392,4.13737803865892,1.28637003898621,-3.27591690782192
0.3010457474565678,-0.8238849761144934,-0.437049517091466,8628.25308908043,3.44637335032668,3.33825981739039,1.11749994754791,1.32286905404399
0.3620781805397531,-0.8414771903251506,-0.3820998621898304,8722.33630317935,3.66485028376727,4.07858821454947,1.16769003868103,1.783666761634
0.3577345908230812,-1.361359209574173,-0.488402457446521,8771.44051292177,3.73297621216898,3.692673213156,1.21096003055573,1.22077782360842
0.387715937017207,-1.2706809574208071,-0.346345604112176,8435.01143254978,3.21176803803373,2.59263795310275,1.14525997638702,-3.2767587964736
-0.7783106126686498,0.3961366476071277,1.941025467536379,37906.8601321366,2.71943995691976,9.17102428671511,1.85847997665405,5.1385391803606
-0.7791496951808133,0.2951571016168234,1.9332637441347105,38921.6673033743,2.25839440940855,3.21914767807145,1.97170996665955,2.99925535017809
-0.8133283475568717,0.2927494818885189,1.810499543829685,39270.0234577749,2.75856321360112,0.782967555453216,1.96781003475189,1.80638512302554
-0.810257173131031,0.334113537245496,1.6401713967823266,40108.7587456658,1.85725871857256,0.141465896048034,1.99733996391296,3.09236384292251
-0.8072626235360283,0.3916023412280784,1.6477484430596467,41006.2229523971,2.21355203439768,2.17816380917593,1.97126996517181,3.21045439063563
-0.7586172578140595,0.3905278383702971,1.811876293398664,41663.5123057295,2.00202539534162,4.87410128955104,1.94304001331329,2.63794375007348
-0.8090364982954185,0.692028911033753,1.8166999628088267,42106.8724378248,2.13838399266837,8.20055904886214,1.90357995033264,2.04990463726786
-0.7505813087383753,0.6759053836416872,1.8347206933376292,42067.5687072607,2.37027067444298,4.5151371416977,1.85578000545502,0.995406301140747
-0.6544975319668876,0.5230312126261122,1.9191307802092303,40376.4153847836,0.299466803009305,1.52413118076926,1.9174200296402,-2.91508621550267
-0.6789746739840267,0.5480907752418503,1.8149985927771723,41164.3399119626,1.77687154092627,1.83725638740881,1.82503998279572,3.09080634469335
-0.6954264547941976,0.6037748450121779,1.846204549921954,42043.6419795513,2.91213508872347,2.13783310760835,1.78714001178741,3.13719442170364
-0.6895777096296517,0.6179912598592601,1.8381621652806484,42320.6431330726,1.51567823124525,2.70016900895675,1.77304005622864,1.75566129145483
-0.6801421649966257,0.5990745624856468,1.7868238605191795,42851.170527104,0.938291897815245,3.62980398357005,1.70624005794525,2.32581354806429
-0.6832746393053405,0.630484657922764,1.8265256551603168,43643.2356440047,1.90663590717867,3.55390337011002,1.7148300409317,2.87346677785811
-0.6721634846922276,0.6429198280888989,1.883823326981247,43594.1941045394,1.12524136094278,3.85389453706153,1.69359004497528,0.649971001734855
-0.6604586039021902,0.7148067265907104,1.9254158282180096,43551.3425975115,1.42875954701085,2.23835012140903,1.72903001308441,1.03855092490855
-0.666587878936001,0.7307827371942537,1.8042032704590287,44339.3886689254,1.5968841285297,1.53752071953934,1.68701994419098,3.03383491200222
-0.6929142850039863,0.7906117354492149,1.681897290171248,44907.3436912123,2.26822567248104,2.46931207254863,1.73720002174377,2.74296344906655
-0.6514242951913677,0.6199658262751437,1.6666178378955063,45100.2915069262,1.94926902411596,2.80676687017653,1.75577998161316,1.90843194590616
-0.5842747844760753,0.3068939250027305,1.5870596893858582,42366.1285377884,0.716999632307807,1.75897085668576,1.93413996696472,-5.03823343468899
0.2179577030795841,-0.1030491333334788,1.5855587897472674,44639.193269037,3.39519318527533,2.97618288160973,1.86431002616882,5.95052802804381
-0.2991778401070526,0.3750300257538446,1.5043348171615405,45677.686578804,6.80280115341609,2.29317324184365,1.71166002750397,4.18903628100851
-0.2941064846075422,0.3461070873037218,1.5354193648067167,45048.2842408265,3.87900159788427,1.93601776565032,1.70132994651794,1.52874550838358
0.1397381422127994,0.2347048806948057,1.1172584760636923,11051.3450717678,4.40779938398043,6.11348994449279,0.311430007219315,5.16823098528431
0.1353821722590561,0.1527724543787782,1.1170436279288685,11356.0922105983,8.71626873039608,10.4571112913238,0.374920010566711,3.78939280635238
0.177771028514309,-0.3524972255917688,1.2169370418534926,11116.4093443103,0.353045178360933,7.42256247898025,0.354030013084412,-1.11803723642878
0.0605196079801256,0.2809882848487812,1.3272431736651908,11649.2897090856,1.41071107954321,6.84144686828522,0.331649988889694,5.85165102224047
0.0706820015971959,-0.0429665291207689,1.215898141373838,12252.8441074615,3.34121694259301,10.4897738058645,0.352880001068115,6.22389678509138
0.1035050840778713,0.4305907347685487,1.182826951527904,12882.834417927,3.00744840213053,11.9097449981544,0.362129986286163,6.15534001855494
0.1182820674009371,0.0354018549659612,1.1770946164308411,13182.7329619856,1.78955553984582,7.61396398974862,0.390300005674362,3.30850824710085
0.1422817400172365,0.4620658493157135,1.193335881169241,13285.9540361192,4.71867527854673,9.83500371419039,0.376679986715317,1.79264947139259
0.1245969047345122,0.1342679846677359,1.038663190627383,13433.9202987032,4.34877353217046,7.32780348711267,0.382959991693497,2.15194249981184
0.1190170135656917,0.540130186135948,0.9381614417108972,13505.097711133,3.78619355893118,4.55707488153847,0.371030002832413,1.753038749071
0.1317434475886723,0.0804334049929074,0.9288137957220948,13473.3458532934,2.18271846868521,1.89647029836548,0.356790006160736,1.35769537343957
0.1632605079998429,0.4133978990088344,0.90871109658166,13763.0068844795,2.43488981353054,2.68461345207245,0.369159996509552,3.99002947789977
0.1369025503531555,-0.0958183987209481,0.6735277901806013,13630.5935435578,2.55754475703329,4.87956164130548,0.342429995536804,0.634367533828438
0.1899769208243885,-0.862080778723161,0.7778825519273327,12679.024004022,3.0454908480433,4.50610139661101,0.335249990224838,-6.14347479224092
0.0804388615301354,-0.4760699718740329,0.7631629537717015,14051.4713630677,4.52456838259137,4.81308998117864,0.360410004854202,11.3149204879049
0.0350595242532225,0.8044080605391231,-0.0891640917542635,2237.44298500334,0.347811226864583,3.43984725315719,0.893159985542297,8.58643201808462
0.0003452798904794,0.1518223430107487,-0.3484353393699058,2610.72960252379,-0.731970902350249,3.56241418263928,1.05786001682281,9.24339326638321
-0.0663749247844427,0.5236854226408726,-0.3958995484713925,2857.0373538115,1.12760348729637,3.43849537731211,1.12037003040314,10.1181928640117
-0.1188372739772537,0.5428256024975715,-0.3886113832467678,3127.86276523632,3.8246374310816,3.43299015092913,1.21498000621796,10.1314073631003
-0.1672904446796451,0.1885109718408812,-0.4814375054872566,3465.81734409951,1.7764140766757,4.49218509012467,1.30791997909546,11.458238455067
-0.2035212931313962,0.5555857224020375,-0.4491416637682266,3883.35412942474,1.6494309945586,4.44499743873593,1.36854004859924,12.6746751655235
-0.2383225263327657,0.641341345389652,-0.4705155128687445,4409.75700836878,4.81676767378834,4.33537500236917,1.37369000911713,14.1499854947127
-0.239694435807112,0.2956473734673901,-0.42622636116005,4811.47471804961,5.92525137041092,3.67520717506325,1.44591999053955,9.67024588602851
-0.2636662238616301,0.6984450283928797,-0.3987230886595496,5237.76666540352,-0.728165250932903,2.52538984334254,1.66480004787445,9.40269972778044
-0.2939145444463713,0.3317420060700624,-0.5444562884562654,5764.86534987407,3.17532475269199,3.93541996731512,1.7137199640274,10.5962719761682
-0.3396322069050471,0.2810975164192767,-0.4825154686641391,6275.90956436258,5.55389892257491,3.65069190228423,1.78033995628357,9.4613358870736
-0.3242801932003409,0.3034812444955234,-0.4042117496266516,6723.19443752823,2.61952432645539,2.78099138181613,1.91214001178741,7.85617427055587
-0.3359185414550148,0.4804233927301292,-0.3619037590224346,7198.06876478162,2.62105001748119,2.98598708261986,1.99785995483398,7.77872409446717
-0.3208014990869277,0.5097758863221092,-0.3397488720622549,7686.57792954381,1.92164162788522,2.51155883670463,2.02242994308472,7.46190028229434
-0.3011614545992524,0.6039894053031114,-0.3362500492050532,8175.33285077393,1.43702380935656,2.14957284731563,2.05700993537903,6.97878002657477
-0.2808204690151611,0.6410552779097421,-0.2898564110129455,8679.37704460133,2.00000182191942,1.52539470315394,2.10033011436462,6.77555562837017
-0.2778457396687613,0.6134141046746472,-0.147744373470118,9221.51403820573,1.59313600071433,1.32468971748482,2.11602997779846,6.8912663621211
-0.2798198251830761,0.670108301995039,-0.1830728333827776,9798.6528523316,2.07479039965575,1.66361992284408,2.14057993888855,6.75671800166833
-0.268578749874849,0.3473921923934766,-0.1749047660608658,10356.4804194995,2.89923416358229,1.28549226847992,2.2446300983429,6.06850235053705
-0.2619622910624492,0.3670673280176543,-0.165623404926596,10573.6420059282,2.41942189457778,1.68770756292082,2.40666007995605,2.34018843078414
-0.4630758468587939,0.4995060855837414,-0.1344218969277347,11469.5707134928,0.981015135544894,1.8903454142588,2.4326000213623,8.57008513166322
-0.6818701281855026,0.4386179566110997,-0.1047207095446253,11830.5983703496,1.97357555739052,1.03841365474349,2.55518007278442,3.1341888719577
0.2423740378427433,-2.570192197808825,-1.0018554540480793,4016.80951748167,9.22534818585364,2.43950747934181,0.131060004234314,2.92486148176778
0.2864586885982378,-1.7830306357462804,-1.1239205899993208,4058.28493578738,6.35150728778871,2.17844751407948,0.155589997768402,2.50398046659659
0.3185271199790419,-1.5040408488790913,-1.332034117466162,4154.17528523618,7.12978862941861,1.81783931129221,0.173979997634888,3.91827190322513
0.3056015696079781,-1.6413709857418903,-1.236876388889364,4311.91591255233,5.90402005546502,2.66083488771203,0.169640004634857,5.33302206759905
0.31240960169921,-1.2925910909150289,-1.1168779781500178,4457.27537460443,5.05101962689696,7.02979401438219,0.165570005774498,4.82876110773741
0.316085066079968,-0.8610002556587547,-1.045156390521013,4694.03442939175,4.29342363628925,4.17238510059526,0.164269998669624,6.71686869844402
0.3181224874774753,-0.5170250203855593,-1.0457176841525988,4947.25260813108,5.54438485815156,4.30867680626701,0.183070003986359,6.73819469090975
0.3293306734846515,-0.961123184060321,-1.0630360884394705,5048.57187245249,6.99688495554511,4.35627834630067,0.195409998297691,3.28344618616541
0.2574971157154229,-0.95445069594293,-1.0922894267658363,5046.97121757727,4.20251661216482,3.45627065154005,0.193509995937347,1.13964864548062
0.2262251603054659,-0.8844490676591978,-0.96995698874635,5214.24547620131,2.27200227892011,2.24433595561184,0.193580001592636,4.49465897070922
0.2984440693519465,-0.7748546214591202,-0.7667580634075186,5517.1011086899,3.41503344776242,4.37269536127322,0.198420003056526,6.94789198173555
0.305360335629196,-0.7365269102753751,-0.8915682537009083,5675.75617978305,3.16930188840057,4.05728041313345,0.221159994602203,3.91263576716115
0.2251400331123351,-0.6893958929670494,-0.8387978335531819,5910.80592301166,2.01699224310385,4.24252457969381,0.257609993219376,5.13399351995672
0.2391345212957756,-0.6467011764421852,-0.712863824952832,6121.83982019825,2.89883787761735,4.24107256687862,0.303169995546341,4.49903000110972
0.2045638506364982,-0.5288625716437992,-0.6641295003111449,6248.51490534512,4.9898311584953,3.95939854860993,0.365420013666153,2.95590137527523
0.2164179346032957,-0.5313530350466659,-0.5750526516202724,6316.07067782542,7.51346024627682,4.90164572903473,0.270509988069534,2.08738250162794
0.3064716944835534,-0.4913417291494195,-0.5379338746564638,6309.67745292518,4.3143132569501,4.3931823276543,0.261090010404587,1.35936086788746
0.2745737829503321,-0.52782671114237,-0.504706515438869,6353.5464285392,3.2405693293057,3.38083573220188,0.312330007553101,2.56432428277704
0.2454685793925671,-1.052345071011437,-0.572729225838392,6439.96359812647,3.5230193274144,4.33058240931506,0.322010010480881,3.18685539245533
0.2287101941073693,-1.7916942533522864,-0.3956587249161438,5891.95523215403,2.5266350008471,2.7588942895314,0.289400011301041,-7.18591413760859
0.6345674262704594,-0.263767684028681,1.0283387302997526,7726.51985682502,10.9615496593622,4.81846449896273,0.411350011825562,3.86871808953644
0.6679042713267337,-0.5459363413395776,0.7716710219909542,8207.45746763548,9.44758091616983,4.48353970316272,0.361900001764297,4.31717986636224
0.7528869099846925,-0.4693342678879381,0.6652234348906427,8445.52914946306,12.3148150178852,5.8231265333186,0.372880011796951,4.42459959654504
0.7494697394886347,-0.4685249472524843,0.7766901840983302,9160.29437453794,11.4705968149052,7.92850433097117,0.426930010318756,7.3266954325067
0.7044312854272987,0.0570731247671748,0.731611586336777,9779.51149390415,9.35724456417157,8.33742597856098,0.356550008058548,8.21513198348715
0.6994662521773048,0.0806713194032696,0.6232099000111031,10104.9092039753,13.4244635507284,7.90900698278232,0.385930001735687,4.73817487754022
0.7395251687079728,-0.2106732129051476,0.8757742679744891,9883.675670469,7.84270167700653,5.25151067245965,0.517180025577545,-0.873455942787785
0.7204320925970915,-0.0798910445378208,0.9078191075518778,10285.0856660482,5.66275708420022,5.06371170213331,0.479900002479553,5.36034352634111
0.6717326989103585,-0.2731448518695731,0.7634094099201166,10612.4694861206,4.877998309707,6.39172539645352,0.462350010871887,4.40315923970431
0.692759446005416,-0.2453558818879914,0.825917312719939,11001.5192856643,4.49545314354611,5.70866124854955,0.547129988670349,4.88259241025739
0.6696345725066283,-0.2151237262931474,0.8523011639357414,11151.1437869836,5.23133614174423,6.29127735210584,0.542530000209808,2.49476611209954
0.6826768080534534,-0.2230514994435251,0.8756656384672726,11422.6735793246,4.51920098516959,6.23293662209413,0.556270003318787,3.54210987765977
0.7439043479341775,-0.1999238112887709,0.9078536954993596,11714.7105980803,0.801982005099561,5.23639457671219,0.436650007963181,3.65208096802883
0.6680035487000411,-0.1797814843442281,0.8907433934213911,12084.4351325708,-0.0174788505907852,4.45296211769659,0.443349987268448,4.20432325175899
0.6542034318448061,-0.1518064971620921,0.7262347315573364,12468.5654531785,1.6259069299173,4.83327522078368,0.425870001316071,4.1576989627609
0.6287868938147477,-0.2343168962324715,0.6813776565556713,12679.5253643093,2.22111461526584,4.82943872134346,0.3714399933815,2.6159044043379
0.7416264016827799,-1.5796314228938806,0.9379632007773976,12242.2098908608,0.724911478131341,3.37043523313413,0.330020010471344,-4.27335432161462
1.0442990229616873,-1.4119310209502818,0.8984567936247045,13146.6927918545,1.72647755109242,5.530729864065,0.273849993944168,7.93576224743147
0.7228953451789195,-0.915741546734404,0.9513025963456532,13686.1614090906,8.27477490232656,5.3050432792936,0.33788999915123,4.55149177958398
-0.5637537865117977,0.5523358835634437,1.9452868627953883,35087.0891588694,1.4402683871974,12.6085323042305,2.40982007980347,2.87724595591061
-0.5472229961266687,0.437878787728555,1.8118482397966749,35460.4121391449,1.42080615551526,2.43861371432105,2.4362199306488,-0.228310223930706
-0.5357891929209454,0.2999631584277858,1.5068600460911092,35252.9745130135,1.03422218628562,2.5802310174772,2.47461009025574,-0.529929010433477
-0.509313726409647,0.1749901232041221,1.522363062812885,35670.4870225493,1.66573696655992,-0.715503012520617,2.43518996238708,1.16236825444811
-0.477449058105549,0.0348079943228438,1.6854984340780204,36006.8578127742,1.54691114751329,2.06799391408494,2.44193005561829,0.885697256705441
-0.4563831945589438,0.1745043968891037,1.7189039027473487,37437.3918784909,1.57742642840562,2.87049561649648,2.47232007980347,3.85573614635729
-0.4277891440820174,0.4873075077850215,1.665277214271304,38570.9146369495,2.29834400700951,1.4594247021417,2.4604799747467,2.89010717888073
-0.4157715577644745,0.5669502495026583,1.6460158383899133,38996.1434106777,2.6283798163722,0.812719205455149,2.61512994766235,0.910403214153277
-0.3770095134825381,0.5597890111500341,1.5979413855651003,36927.1920288238,0.312739007368444,1.62945868783671,2.74266004562378,-5.54516454479311
-0.3554096947398309,0.6292629146056798,1.5727752260755132,38517.4397880176,1.1038103778926,2.48078642393235,2.73024010658264,4.14676755040489
-0.326314990352423,0.7187759095221075,1.585438877850239,40712.6577301892,2.07517283735874,2.55005949502613,2.80555009841919,3.75796884487347
-0.3096228044559327,0.7333332511551225,1.5886626113124458,40829.0348938423,2.00848884782953,1.8189263536368,2.88165998458862,0.47429132103845
-0.3147082045772655,0.7252280264464215,1.6654836631006005,40875.0262868442,1.50472330251882,1.76465787052263,2.8359899520874,0.386224592046474
-0.2763275238078305,0.7695923834231125,1.671715263393067,41588.0763814971,0.906794000434214,0.437659919660914,2.87784004211426,2.16949889758517
-0.2496283309756348,0.743032689637234,1.515089888108573,41911.0109851054,0.514426137125455,1.82321441511707,2.9337899684906,1.65271978656361
-0.2506726930375848,0.841665318376167,1.5066027669232052,42528.0637054999,0.491747008445213,1.64319555960592,2.94039011001587,2.29471066413561
-0.2094034496258162,0.8758747509917596,1.4616497559017891,43520.1864273682,1.50949485109622,2.89088052868023,3.04710006713867,2.71602454639843
-0.1697865406809192,0.855039469284865,1.5192791671805363,43874.0130996238,1.73216879766948,4.00421026360441,3.11011004447937,1.11644310902427
-0.10355873038984,0.882630662602093,1.484160039238979,44207.6320584483,1.44565976888253,1.90698688059702,3.16701006889343,0.987893350164853
-0.0321167704601298,0.7700304798727977,1.5178314557436363,42362.6472083477,0.144877925813963,4.48666571074036,3.13136005401611,-4.09513751682526
-0.1742930314423951,0.7333767264042627,1.5409810171002605,43898.7713207389,3.0666666666667,2.93470785974787,3.12881994247437,3.6699998840452
-0.3600341061011793,0.8341816736495434,1.504486107410136,44180.4298386858,6.87257438551096,2.0947134896352,3.13235998153687,1.36973104612758
-0.5879989091400324,-0.4347943618851182,-0.7112306705278999,4742.90075532529,5.5911159096167,0.647902696344894,0.478650003671646,1.49999999895587
-0.2280174679003178,-0.5523977223495454,-1.0275366087558415,3222.37650111856,10.0649259874818,-0.204542848807527,0.531539976596832,1.7645719489982
-0.2285964479952895,0.0910919921284404,-0.9977211980785876,3220.99194203067,7.11172943343081,1.00234071774049,0.508989989757538,2.22619979863525
-0.221489476964243,-0.5946839751409801,-1.133018582818132,3216.3783902629,9.46971981064917,1.45343420769727,0.638949990272522,2.18546605362143
-0.2185908015110677,-0.4966426324979376,-1.1074565641436438,3235.66246235257,10.0702154687481,1.50925042253521,0.636489987373352,2.91591187985748
-0.2164374649270075,-0.0056033443085806,-1.0455893612913112,3306.98159414141,10.370490343517,2.10258128401326,0.718580007553101,4.37201907790141
-0.2218709874803673,-0.4255257796570509,-1.0058326207060642,3381.22246306207,13.813606214829,2.43856278142762,0.708480000495911,4.34664345555447
-0.2262350512147306,0.0734813425196366,-0.9479825796950772,3452.90961245539,29.5066083940039,2.98301550917695,0.644860029220581,4.18122099994778
-0.217406914558354,-0.1700143217262431,-0.8194183125476263,3568.63966286161,14.4014657807422,3.10040077579187,0.688390016555786,5.3311086189448
-0.1819724736942482,0.3780932896730285,-0.8600311470474441,3701.2446345188,9.15279959324804,2.82732944960686,0.796169996261597,5.55209307156956
-0.1562538832555543,-0.19811202662175,-0.9780469235276136,3770.86947867421,5.04493288977539,1.52462948997172,0.915639996528625,3.55016483786838
-0.8518134490369529,0.6271191138295412,-0.8350446694509583,3837.31992324447,5.21404940513041,1.20617861055665,0.911750018596649,3.29064601202211
-0.9935634392708048,-0.0641307676248578,-0.7891100115508551,4029.78295457978,13.8956609775178,2.39118080969079,1.01968002319336,6.58784560886967
-0.263517641409744,0.084105770595268,1.3221195467528073,33255.1379642335,1.67595988720928,3.04117027418415,2.09346008300781,4.14099996402915
-0.2545101945735775,0.2936447946784533,1.3307031737052497,33753.5782979758,1.9234122872706,3.45413596292302,2.17448997497559,1.06775027069419
-0.253644788730878,0.3599212783415739,0.9652630278462564,33840.6175720101,2.09847219146923,2.30782482603352,2.11994004249573,0.967827182558352
-0.2345565461953342,0.343606180115712,1.0634050286751782,34557.1471111581,2.14208964640241,1.68777447237363,2.09460997581482,2.86825052501032
-0.2343097538491379,0.3953450547136686,1.1202318784533525,34946.0372494703,1.74586936380482,3.8837306583925,2.05151009559631,1.88856584109286
-0.2119924573591909,0.4067037933351251,1.2862662440884125,35645.4162427116,1.67512449608723,3.40646118259264,2.05094003677368,2.71406448755236
-0.1980768744581038,0.5897685774867799,1.268096524598918,36322.1685141004,1.4879980595386,3.15449449926763,2.0245099067688,2.53048188351066
-0.1660555844911468,0.6039991396186484,1.2235972614010469,36257.3658930938,2.81286194914787,2.32326700027606,2.06117010116577,0.380171435849121
-0.1380300833254264,0.4937938992537804,1.2245078756574304,35052.8510772683,0.0876204781574486,0.682311492843145,2.21206998825073,-2.82455153714783
-0.1181025442864352,0.4226979048302854,1.353395810535296,35578.1968010183,1.53112270420927,1.46961673029144,2.17857003211975,2.00032476039051
-0.1122686727626774,0.4591964753500961,1.3359348255509995,36269.9561530888,2.11159795174999,1.54005293306163,2.19161009788513,2.43757653729007
-0.0845215947876431,0.412922821226509,1.2722212690468442,36161.2918253465,1.95419531613501,1.22790071519382,2.22707009315491,0.183835264973013
-0.0644615848102291,0.4466581229440254,1.119230938249217,36256.086680981,0.863715497861873,1.18823404938295,2.23703002929688,0.781756446231
-0.0346796490347448,0.4251838820780945,1.025084530545953,36444.3949089146,0.507758822937963,0.176974174772525,2.27591991424561,0.997832947295251
-0.0430673326815404,0.4214344899936038,0.8864769862707592,36702.4323733379,0.0375143805125298,1.76596182973896,2.2270200252533,1.06675474783462
-0.027271226298574,0.4821074044147435,0.8132688511035537,36920.5342846914,0.183334861123829,1.44200321416196,2.22237992286682,0.860031075424033
-0.0440061295500845,0.5432090518733043,0.9702363640902448,37580.5979329356,1.03228275064667,1.68928072199317,2.1988799571991,2.08361485997399
0.0072425814223091,0.5383788915459554,0.8567584020735087,38062.4435961412,1.85081508315501,2.78594184568695,2.19666004180908,1.64590872395887
0.0167886489131212,0.3604148800842087,0.9863865783401607,38705.2072940618,1.10825492288292,1.96486943301561,2.19179010391235,2.02744646419237
0.0767348916693185,0.4337967290672968,0.9231346267698792,35709.2045925926,0.476498852725014,0.731471704018579,2.27464008331299,-7.44064589948231
0.003959428129351,0.3998156880030553,1.036163432035401,38030.8571685178,1.64233141038393,3.30405312221271,2.21808004379272,6.88233783360239
0.7619057720982315,0.4781269862029069,1.062756349058758,38881.2230613595,5.22236748369736,4.01585632811977,2.23311996459961,2.57084047567793
-0.7332265756162507,0.2050183965537609,1.8764427445068288,38921.896573883,1.18295624210409,9.85451206947798,1.60962998867035,4.34163419265596
-0.6906547574698956,0.4839733976056916,1.6309038629796242,40312.9824110757,1.52040245947455,5.02654863681235,1.6138299703598,1.79566074059649
-0.6871986285942583,0.5205143380784428,1.3893943713299566,41390.6062127939,1.37650038542013,1.7528640877232,1.58131003379822,3.15234651882265
-0.6738282977592376,0.5492055729034657,1.2749185333972195,42167.3557264259,1.39039756680422,3.59523929838674,1.53088998794556,2.45790443810543
-0.6455222046640082,0.4812848447998265,1.254683901196075,43023.2277090836,2.0891364902507,9.93454640049509,1.55004000663757,2.73266076681189
-0.6259864813401447,0.3958681812800073,1.5072406542865695,43724.8957366594,2.45566166439291,7.51858312899467,1.57625997066498,2.38069403532468
-0.6092127340560732,0.6414780806380708,1.4266477200464762,44524.5706965197,2.38656150773327,6.77930004470465,1.61829996109009,2.62487995340285
-0.5794311946677934,0.6058043537899294,1.3445557403604562,44065.6156693521,3.52140856342538,8.65204820165554,1.6090099811554,-0.248797260756646
-0.4983574174394387,0.4843422934848151,1.1066343637384404,41712.8319164411,1.9617317356011,0.602903980683404,1.66990995407104,-4.62055370768425
-0.5019175963801926,0.5291509148400227,1.263277274837916,42311.4329830247,2.49265472467066,2.6849735901,1.63885998725891,2.23331508815346
-0.4289724002871209,0.5297815382684288,1.2337623025969349,42459.9630182272,3.85611244682819,1.01403975166563,1.64681005477905,1.13836239840663
-0.4176014077655302,0.5661623464133515,1.2905794538036042,42794.7752628767,2.57323479654526,1.72697599448212,1.57587003707886,1.50899834668228
-0.365755193536642,0.6507657063681659,1.3681359741246977,43274.3377519631,2.29166666666667,1.95605174026818,1.62095999717712,1.79992149702836
-0.2994228927983833,0.7156986252305307,1.342455705104983,44324.3923234579,1.45112016293279,1.92156774768545,2.26487994194031,3.19463731938923
-0.2356065941336424,0.7917356459795787,1.439829883505414,44983.885522934,0.36804684232537,1.54832168533284,2.27566003799438,2.22288842280334
-0.2180894087460094,0.8424000441052778,1.360839254755319,45485.6509977812,1.00841736811403,12.0788528134648,2.32051992416382,1.92171009934007
-0.1698316020963345,0.8915594056946553,1.359784575394584,46439.8616757792,2.55775577557753,4.67730914435458,2.32602000236511,2.65650487566202
-0.1284738854698707,0.8424267925579033,1.1812019779250438,46862.9673585729,2.29283990345937,-0.872604333652357,2.71124005317688,1.40519025981538
-0.0875464499518437,0.774359993014389,1.4077413043217617,47379.8014800553,1.73810460086515,0.694070007703284,2.67079997062683,1.62447518038404
0.0009635355694887,0.6951028453541115,1.334131777684656,42429.1857996453,0.989486703772449,5.82864205974733,2.93882989883423,-10.296918859171
-0.2409578030514124,0.6695445356251286,1.3273643156546495,45902.8331986448,2.5183710961421,0.160847823124997,2.89710998535156,8.57595087393024
0.3027527971796716,-0.7104662457928977,0.146443695225853,3806.50600649051,-0.512058410947092,5.97432640298838,0.0771000012755394,5.13288531209382
0.2636740969709749,-0.5134949425894347,0.4153472296851054,3960.35080091901,3.06881210379543,10.2241873429056,0.169909998774529,4.09049059581743
0.2236649038301977,-0.4273921925755464,0.2587939290870503,4086.6223465965,4.00357820695097,11.3986492046024,0.293969988822937,3.35102350265353
0.2344408714337974,-0.4459322891404827,0.353212597672381,4225.09154904806,2.13492713939121,10.746989399988,0.280250012874603,3.45021517996871
0.2479562514366136,-0.3178315510325099,0.3467480385945207,4442.50744127374,6.03531725272117,11.7183676491747,0.266449987888336,5.15990261658827
0.2653213972350008,-0.2192066289008873,0.2861380751117232,4713.65354845303,2.6152447139767,7.28401976586955,0.275730013847351,6.062036412677
0.1915498335298867,-0.2585133011540202,0.2525084795179668,4975.81148194814,4.85289821696723,7.92523222582948,0.281969994306564,5.38071926589951
0.1621318710653943,-0.1914701580983211,0.2288195188312951,4659.60925318234,5.2024648897534,3.39837673139654,0.297650009393692,-6.2904717853839
0.3991994967916387,-0.1798304863993043,0.2614951169316113,5175.19865185825,9.56691433824769,6.74295146360052,0.248750001192093,10.6442336580969
-0.376028381138097,-0.1222241885517751,0.2352227804414751,5736.30449578597,11.8981654203198,9.15328575552963,0.234699994325638,10.9585321385624
0.7726038639555655,-0.750033617463833,0.1248120804235209,1205.31705804209,10.7342665456292,5.57118876952139,0.23157000541687,4.34681910440079
0.8114961112669111,-0.7285617633641279,0.1687216827565054,1381.2279503506,10.7333898354915,7.84948455261709,0.376549988985062,7.89971194051621
0.5066796071785584,-0.6525411170906763,-0.5584139096865051,1807.97305547292,7.6905097203427,3.6562173778393,0.0418099984526634,3.75433786119939
0.4564971831914579,-0.9336575906086098,-0.6069123875927073,1842.29750018813,7.67416639397937,4.74055553954205,0.0421499982476234,4.54703805165397
0.3968950844064557,-1.007028280059289,-0.597805514614894,1908.90950050464,8.1137909709338,6.67606399673031,0.0415499992668629,6.23230296069102
0.5273925561561111,-0.3975799551838355,-0.449332908525504,2271.20265980349,3.15783117980925,6.27594328427599,0.0149699999019504,3.84007997093951
0.5961858728564385,-0.3398481396457835,-0.5844673374132404,2383.37398439714,3.93436084442048,4.10592046689605,0.0399399995803833,4.84291391050387
0.6625153884276501,-0.3307038823757074,-0.5201144681000904,2430.13503657762,4.34734937777525,5.99386120691106,0.0639400035142899,3.84499476966735
0.5833563478465964,-0.3778184774934465,-0.6616101271785674,2447.61649282181,4.36587159819271,3.83846408231678,0.059969998896122,2.55963434592314
-0.4470872818168228,0.7990269437269611,1.069075004382221,8979.73578602949,9.80361016908124,5.81207210516034,0.790960013866425,4.40937501806403
-0.4380486251669526,0.9247443192783852,1.1854231853352386,9836.94065083321,5.26544821583984,5.38678090915431,0.983550012111664,4.73006530805553
-0.462115387807906,0.6576685689781879,1.1452026791283847,10253.723920764,4.66101694915254,4.88025299452783,0.91882997751236,3.93877761242727
-0.462635314102837,0.713622746957582,0.9868450745290134,10786.4881991495,6.74434679569468,4.36291277823617,0.859899997711182,4.96312536156307
-0.4039722675669435,0.2793100019639853,1.0656111391999448,11272.7345428122,3.56151711378353,24.3060288068427,0.919510006904602,4.30028318461673
-0.3961312725826904,0.6335674381942602,1.059784521204604,11734.4544729813,3.93032603841001,16.1574876503265,0.977400004863739,3.93393162712054
-0.3571425379806341,0.6529182024586967,0.9018589940973638,11791.7074416876,7.95874516544909,50.4065230275136,0.954450011253357,0.332354337878925
-0.327108520983026,0.6426157883026212,0.8152709163667213,11929.7209867703,6.0425125388106,47.2364211896638,0.977569997310638,0.993437085479655
-0.2329839422661133,0.5647255945716573,0.6713063498649556,11142.885928524,4.21171171171171,-2.28280495631196,1.12802004814148,-6.7401660845502
-0.220803734369876,0.3649954493003736,0.7068255273747364,11287.3686666108,4.85555795691956,-15.8854380283339,1.12864995002747,1.06795068152046
-0.210898500358491,0.3828470152692197,0.7556012334743326,11536.3578996772,3.92992098935068,7.45442145492374,1.17925000190735,1.91670916599742
-0.1691642419963378,0.3005963607105754,0.6982033645585579,11440.7622718825,5.6521451708865,8.30549850772091,1.25423002243042,-1.33948446518181
-0.140103682008132,0.3366313782051711,0.7650533649902985,11729.5720798501,1.73319984983104,-2.74986395257085,1.38409996032715,2.03216990678146
-0.1342272216415611,0.5284309976893927,0.6168491014918572,12287.3779441033,-0.227566270988277,9.1265022330579,1.3445999622345,4.33435364113967
-0.1507712484775682,0.6397042904186462,0.6351236741240232,12782.9412577973,-0.0616446800641597,-4.36725590978759,1.33958995342255,3.65981615406955
-0.1773838886945058,0.7736684889798081,0.5553219941672144,13145.6559885563,0.39476930668638,53.8467636785014,1.1798700094223,2.43864141309342
-0.2080421568420187,0.8211756524318935,0.6532948028475034,13734.2442804335,2.3482428115016,-8.6313549623639,1.3170200586319,4.12418389451805
-0.2100552834033962,0.8523445155317889,0.6002519646392895,14533.7783144312,2.8502479259464,-40.1082460169744,1.50775003433228,5.60613813768876
-0.1902043849893837,0.9641654693752886,0.6006900686188205,15290.8085466331,3.33858635382014,59.5775493833952,1.47291004657745,5.07718495088933
-0.1643277900233419,0.8939277050206491,0.6648920393500962,14664.2971195385,3.3267438576673,105.635755544096,1.59251999855042,-4.33872540024058
-0.3156249869608227,0.945936353163757,0.6115235937961429,15787.9535427563,5.1109653438286,18.2866855545489,1.64379000663757,7.22291580811137
0.1248655005058675,0.931877902204026,0.479397562589236,16506.4721041768,14.6081439492433,-1.07832020714623,1.39472997188568,4.27034755162904
0.139538217948124,0.663402747507581,-1.4994535227215653,1828.10265968361,3.68862037056682,-2.75743993350903,0.0676899999380112,4.9200677470169
0.0700856640398688,0.0195589165001506,-0.7738516505331219,2546.21969707767,4.38641311792073,0.90391941965406,0.0833199992775917,4.62887118256153
0.0100826964810936,-0.0660710421158962,-0.5147591483123573,3055.24246006469,6.41249457900392,2.55135633401058,0.0847000032663345,5.5572636889101
-0.0126924172340736,0.1302793074507943,-0.3264051470588846,3416.81005170972,3.52580452815451,0.487372471368879,0.245350003242493,5.03306918280177
-0.0313154693727182,0.1867063159989468,-0.3118128568282217,3553.51999262321,3.80879857691949,2.01948919812582,0.238049998879433,5.06978590134916
-0.0512724454742446,0.1897026003436327,-0.3357736957638966,3701.32155461912,3.19834755924998,1.81428979349441,0.226319998502731,5.17429153955024
-0.0746297914573406,0.6197131108032563,-0.4024677080290024,3850.90321738979,3.03058460941658,2.23336204282241,0.271290004253387,5.01928768046282
-0.0230726798725574,0.5550428016606034,-0.3694040774442206,3739.44906563161,1.91983527270797,1.81058402027127,0.280680000782013,-2.06551182934165
0.3174480645400808,-0.1236779938456986,-0.6508592549609636,756.704109527449,4.00943591045191,0.765211694280817,0.756990015506744,3.84099115659129
0.3040029169461348,-0.1511122516403005,-0.854678131443585,793.615912906381,4.29715203929563,1.01156946489919,0.725669980049133,3.80397532112175
0.2930774385815407,-0.1355874390898668,-0.9724201532910246,841.278894571674,3.8058589952885,0.605887857091792,0.719290018081665,7.8603814759073
0.2878920566076584,0.6558897725994592,-0.8361508720541077,892.596614581612,3.76725173477515,0.765596855110284,0.756900012493134,7.92293661199932
0.2873089795746654,-0.1083658499603395,-0.6361286142954565,947.732565646672,4.24634362031923,0.886098378458821,0.824109971523285,7.92343062148318
0.2831123413565555,-0.1083658499603395,-0.6170284117879248,1008.23275343783,5.79652337561633,2.13016842534495,0.804729998111725,8.06073257166651
0.266789875784333,-0.7014659115072026,-0.7357856918998803,1069.24696813025,6.37288135593232,2.07339404668754,0.805069983005524,7.6608150670107
0.2433907526161674,-0.6786921800901347,-0.6780179877784664,1086.50605251513,8.34926704907581,3.62052323540171,0.858759999275208,3.08669805921981
0.2094007838010604,0.0401273404751344,-0.8814868890612483,1155.10163274172,10.8823529411764,2.65159033235479,0.833140015602112,7.86188883286074
0.194611345078205,-0.6315264242664623,-0.8431229627712269,1235.15939133951,11.9893899204244,1.6350340943491,0.788489997386932,8.49758470221235
0.1846220834998419,0.0468694080475646,-0.9134584386646109,1281.61054354933,8.9117933648337,2.0020634629993,0.755020022392273,5.24131619937695
0.1806367146374401,-0.5359778333568057,-0.8771736469204804,1333.09626557668,9.47899691419798,1.31293453035323,0.743990004062653,5.45638755166587
0.1785279189495403,-0.5085508680158218,-0.844421077292766,1399.4537980287,10.0178784746103,1.5162764665975,0.706420004367828,6.38610640094825
0.1653247147197306,-0.4342504960126001,-0.6787483754171131,1484.31640682913,6.66565671867896,1.69565958990806,0.701590001583099,7.41022760508854
0.155840097905894,-0.4038319482813803,-0.62596100419653,1583.99815907985,4.9069734412726,2.09211521443253,0.693099975585938,7.99625378571471
0.1508666131456476,-0.3909198910731642,-0.5912359817405434,1694.46534973825,4.94821634062135,1.9373641224439,0.669839978218079,8.25630550179086
0.1491451904773395,-0.36184765548287,-0.4592043026678728,1788.69770318446,3.328173374613,1.50731583255894,0.666029989719391,6.79538341897911
0.151172949202526,-0.3398251123858157,-0.5536652075742085,1883.35772705062,3.93882646691633,1.55821483801455,0.660009980201721,6.45385134497769
0.1698007426036484,0.1132348990472186,-0.4781509946704511,1936.03067741067,3.72950573539127,1.78482633957161,0.659420013427734,3.87143694070356
0.2204532013242793,-0.1736551301381902,-0.4988353813831121,1806.50110583878,6.62343677628536,2.40620322673636,0.645579993724823,-5.77772470686801
-0.7022265510184663,-0.7913618793763266,-0.7179600381618185,4778.79345868067,10.0158982511924,0.872560020168686,0.559210002422333,4.99979526935969
-0.7466803737815494,-0.1428018452782828,-0.808527812737469,5035.94008526563,25.4105090311987,0.487596567099901,0.646470010280609,0.250856552511053
-0.744061084928166,-0.2716739286119259,-1.1741687699213446,5023.89314380531,13.5515548281506,0.720530462049909,0.272579997777939,1.00738546285622
-0.7341907822354332,-0.4347848145675633,-1.3117601918275148,5249.06133359393,10.0893629287979,0.749168626269064,0.264420002698898,5.79793829590261
-0.7019184981445464,0.0780904046362894,-1.0524954341291035,5058.64637811833,27.2568127242908,0.723850091355471,0.294349998235703,-3.7471713986414
-0.6922961980881208,0.2209192098798144,-0.9530895555012496,4916.97291948474,36.6030355191029,0.609501593960532,0.236010000109673,-1.52197920494163
-0.6973267522486508,0.0847617212010794,-0.7335347995309357,4952.73355532178,12.4846815611533,0.500987695412685,0.393830001354218,-1.42488493937491
-0.7436105719127356,-0.0299202919836729,-0.851072349972991,5381.18709991831,8.04492437660281,1.02602633275785,0.759829998016357,2.75850524578875
-0.6702007949254664,-0.2070396087783914,-1.425699618066695,5000.98599002449,39.9073455697784,0.452147955088118,0.788290023803711,-3.0705879849703
-1.063300256518822,0.0084160680068266,-1.3771478765606575,5325.54680453553,43.3890162681515,0.371639399437799,0.72664999961853,4.71977773157164
-0.6745112826450232,-0.8633396109745737,0.1036354898904505,29413.4894578106,1.0326364099949,5.89507316780042,3.82651996612549,8.58208942390802
-0.6123321063406617,-0.6227484369007986,-0.0384991578911479,28195.8676389139,5.8023458946843,1.26264306760422,4.00063991546631,-0.134072634658438
-0.589590509331005,-0.754818962016814,-0.1324361040708905,28092.6176251486,0.707630616818064,2.52798678419127,3.76453995704651,1.4490576944626
-0.5913845453118078,-0.7525399956858646,-0.1142993284710199,28883.247588548,-0.421595034547413,2.10420736029139,3.74903011322021,4.64789744397389
-0.5782348333814736,-0.6214901526523466,-0.1198662365993621,29623.7172812577,1.34070328119492,3.26627070729098,3.92282009124756,4.38778887041551
-0.5941326727637755,-0.5116736975290448,-0.0294279610108993,30734.9619835354,2.05407914587443,9.05944013221796,4.01997995376587,5.60162698158004
-0.6058035454410993,0.0324293906135225,-0.1113112322050656,32103.1628576567,0.46622697293607,4.76393877718242,4.29998016357422,6.32334950499747
-0.5761949751356267,0.1413036425108285,-0.1293568906689574,32554.0413211945,4.52744765138651,4.64409119960907,4.25511980056763,3.22209599987266
-0.5526963191945423,-0.0022479068197918,-0.3478204903533859,32178.5727387015,3.3676231727125,2.15877755898524,4.04515981674194,1.23773159721814
-0.56587588494849,0.0645935958513643,-0.2137228346852003,33344.7213294093,2.70270270270273,2.91418894955553,3.86329007148743,5.53434033902194
-0.5559790660676586,0.2093643415649969,-0.1071866414560618,34540.6749784398,3.48837209302326,3.22758725723671,3.93520998954773,5.51879621371651
-0.6360673836259079,0.2714723684643053,0.0204472022306954,34738.6587001,1.67553715750051,3.42096752579402,4.08052015304565,2.44716836741318
-0.5885732340128048,0.376164917796241,0.0096978657199913,35489.5086561247,1.58976347421478,3.96752765564861,4.11677980422974,4.08570918638205
-0.5656307207810523,0.4017181141166837,0.0201698364779233,36129.3146105805,0.467557251908428,1.9201815482971,4.20530986785889,3.77582843213109
-0.5656989317704302,0.4660996052377062,0.012128820289378,36213.1041481958,-0.617342577642716,3.73553271836246,4.29840993881226,2.23760317482488
-0.5492410436700107,0.5316501327972888,0.3155476439703119,37093.7879065422,-0.53516819571867,3.72366398162517,4.58822011947632,4.45978271860821
-0.5456147937781435,0.6054713737504405,0.0648457792336331,37963.0491190696,0.249807840122998,4.71262751632939,4.74306011199951,4.3469311670646
-0.5227243705324368,0.6093670381754605,0.0315034188802022,38729.6426036983,0.805060379528465,5.71739368118438,4.91450977325439,4.00389862187025
-0.5033719733182798,0.4295013320722333,0.1015265262900627,39407.2016076709,0.817645940292847,4.33363467004394,5.33098983764648,3.71049632750405
-0.4620827574477064,0.4131370043939112,-0.0701703074566333,37935.5432717179,-0.575254620897805,5.1047506129271,5.79681015014648,-2.02161548237589
-0.9389318455539234,0.3387220065778854,-0.0443623873878948,40804.9689802536,1.47965474722565,3.86849852798664,5.78276014328003,9.38837403354628
-1.0946004449918227,0.7118971912317451,-0.1322279971037351,42516.3888090274,4.41162725488366,4.35725962102686,6.01923990249634,6.26326343841286
-0.3161511691572802,0.487957086908368,1.5088766485832112,31430.631130325,-0.67657868359508,0.215124715468568,2.8584098815918,2.76464755136783
-0.319743075535409,0.3522744785908803,1.3358120614622635,31416.1241772309,-0.923494026942286,0.276304070175932,2.96514010429382,0.0419624992862282
-0.3259281901594271,0.3809847483759286,1.3779694486546736,31830.217584972,-0.25654181631606,0.194079344432153,2.99320006370544,1.53512549946694
-0.3148328237585541,0.49093444821941,1.395185666581657,32515.1158024695,-0.0085733882030604,0.153847735604894,2.98125004768372,2.18611569439318
-0.3183052269272983,0.5521830237608466,1.4050174132535225,33098.5474664881,-0.282946068764429,0.113001254131506,3.13091993331909,1.80390087215821
-0.3025260665135867,0.6062008646897522,1.5247060233484135,33531.518563066,0.249355116079105,-0.0520879011005219,3.2276599407196,1.3723501275831
-0.3302784798582183,0.7358821323452411,1.4014450201951232,33990.0360341367,0.0600394544986545,0.472322726975046,3.29257011413574,1.48396941157472
-0.3049981675074839,0.695618859234524,1.3862747959575985,33557.6454041595,1.38007886164926,0.48220858946511,3.29223990440369,-1.22428900061713
-0.273909427429971,0.7205442496051403,1.4580636688895765,31651.0837739562,-1.35283672951723,0.231146374633735,3.19589996337891,-5.69323635892741
-0.2872979309469363,0.7958441129930133,1.5034961328744867,32942.2020783835,-0.728243207517766,0.12920448958805,3.10494995117188,4.09791791943181
-0.3535327067222939,0.7720408837066626,1.5704421856606214,33011.1342301291,-0.272455616101245,-0.0136482744839263,3.20536994934082,0.0238095237995424
-0.3989836500218924,0.8065332997292686,1.5790414986888424,33518.4449368599,-0.0440645104432608,0.0087202015018961,3.17371010780334,1.37475099905274
-0.3980721147248314,0.8902957463439255,1.635753711371828,34239.8862473488,0.335037912184772,0.204293384186424,3.27895998954773,2.00510017681211
-0.3730133735175743,0.9178062776327772,1.629713518394483,34386.9058552671,2.75922671353253,0.403354543401037,3.36788010597229,0.296205514141889
-0.3402212589755716,0.969863015893678,1.5909357085578717,34960.6393843385,0.795279630579784,0.118161987748241,3.24071002006531,1.56062669680782
-0.3271387469929364,0.9402807296133756,1.515415406494894,35242.199377148,-0.127258844489712,0.818481615264516,3.10665988922119,0.753826745789127
-0.3029673715198009,0.958642463101246,1.5907040507059955,35861.9728545672,0.484199796126422,0.381319638034274,3.16635990142822,1.67533175173359
-0.2681613724621919,0.9356342093978184,1.503928635276477,36138.5290824814,0.989094598021811,0.501685482403774,3.21919989585876,0.643391023533141
-0.2430832582127733,0.8964698766871639,1.5169853243813356,36043.7844013518,0.468776159383928,0.780785313301259,3.2182400226593,-0.402169200894946
-0.2173769952343337,0.8900629063472891,1.5385693221555208,34642.9718743239,-0.024995834027682,1.23830386396694,3.2645800113678,-4.16876457146743
-0.6173204984820649,0.8962809238512778,1.571965370558074,35741.1601062924,-0.23335277939831,0.695100892094565,3.27677011489868,2.69657404187188
-0.7048862800678968,0.9447693794882482,1.5841024618451824,36238.3294895302,2.49770278172251,1.12971840820325,3.40536999702454,0.941998775483285
-0.667453196948995,-1.2138175710172376,-0.4329914705291743,4269.33016782791,13.1808905865731,7.49246609878753,0.18104000389576,9.80000000214156
-0.8741994126966389,0.0456061740072104,-0.2587537578509687,5267.6990320263,5.83692452105644,10.5066901062522,0.255089998245239,9.79999999960842
-0.8556242326705753,0.1705522988432318,-0.2123201245764038,5724.43199248054,6.43821810118943,8.05370034022495,0.25246000289917,9.30000000033759
-0.9502560502993171,0.3257577631046924,-0.4202204693177586,6233.29439373307,6.88205438981898,13.0128589220718,0.248370006680489,9.60000000136854
-0.9958692671046452,-0.1288937266779159,-0.301192520162345,6787.4115548789,7.57999929125767,4.45711144385218,0.283609986305237,9.69999999922682
-1.0654856428726074,0.4872940578659257,-0.2803731083708082,7450.39687062615,8.7216938609174,9.39605595950726,0.242809996008873,10.7
-1.0720022042881248,0.2763091769023754,-0.0258118556772762,8036.87599811505,10.8468362075558,11.4190297456091,0.208839997649193,8.89999999999405
-1.1971419033868604,0.4125358267204897,-0.0317259436940519,8216.52181589585,17.1398997772069,12.6039290016987,0.216539993882179,3.30000000021091
-1.1254745919149738,0.3790958219018267,0.0815471390960285,8218.39912556048,7.31607858288581,12.3805834457831,0.229240000247955,1.19999999942873
-1.1795978041483028,0.454217444079118,-0.102518432281014,8704.70655484556,7.40046356341392,5.03630628288047,0.153410002589226,7.30000000329814
-1.1852221876622748,0.4943169880784031,-0.5953842314872551,9223.3021336315,8.452904661768,7.14351039762779,0.153490006923676,7.40000000144188
-1.1636419908353914,0.5066948543912583,-0.5941934423072053,9531.91477617058,5.19568369035063,6.56164821145973,0.16525000333786,4.79999999528297
-1.1734088726950331,0.5643828252355181,-0.5962233754487146,9959.72586930534,5.94283871648418,4.23069709209016,0.171320006251335,5.99999999671084
-1.0742242550873666,0.6207787520280174,-0.2862693590143059,10226.7100539683,6.84944977003358,3.3006311188168,0.167219996452332,4.20000000566705
-1.007896640872552,0.7271664327967166,-0.3542058280197351,10196.1226255982,6.67828585615236,3.56737402233377,0.169510006904602,1.20000000053288
-0.9764097306981782,0.7465171979937403,-0.3096772085755499,10151.423313302,14.3610942386248,12.5466202801438,0.141790002584457,1.09999999910173
-1.097542686306986,0.7593821404629623,-0.3008032779435642,10404.2718646317,7.44266321306799,2.85205738000704,0.126670002937317,4.10000000257358
-1.057681275769016,0.7396774657941944,-0.1541940540108285,10670.2120148279,6.16366247577756,0.196995426846668,0.116829998791218,4.09999999309841
-1.021654739569433,0.9381581960333074,-0.1075886942732314,10989.6840718388,5.33356098916663,2.05367649290766,0.118409998714924,4.50000000091883
-1.0190248623371163,0.886293952142788,-0.2095719763541904,10565.0359816235,6.71815454861464,4.21199990309163,0.12601999938488,-2.49999999628
-0.9655210482514496,0.7863285200253957,-0.1301936708024826,10873.3915275276,8.04147134028391,2.31675874599247,0.130229994654655,4.29999999729456
-1.1277593078732382,0.4641381964200315,-0.2251893674018833,11058.3482413407,15.0278644440851,2.25355434978679,0.117150001227856,3.19999999970734
1.913103470487126,0.2840078371019876,-0.8152219974220498,1747.53198804428,7.65986268272222,0.691645983068062,0.410189986228943,4.85998104287999
1.9298779540624305,0.313781450212408,-0.8160133004606389,1808.40479129677,7.67139634029401,0.470169516519743,0.808740019798279,5.55587301319866
0.6979498171853971,1.3165142060383557,-0.8126608408077065,662.188341283454,0.211466568022618,2.90934773211661,0.0498000010848045,6.26507280509637
0.6665512728732419,0.5201368585686341,-0.4503785467178591,1547.32010444393,1.22393195511124,7.54029662001984,0.118230000138283,7.20703472529512
-0.473889365347745,0.633635122484354,0.5230380027443146,16995.5591864626,2.25916580080157,1.99753761472691,2.12519001960754,9.06083332508534
-0.4751293237295675,0.8499191548650515,0.5531766986363165,18940.3842233935,2.76226210296598,0.872877921848895,2.20774006843567,7.72514267547173
-0.4831543600211498,0.785693218012573,0.5876298382853912,19435.4934104303,3.51487451459939,0.997559671350009,2.27722001075745,3.14729119373409
-0.5146286520347715,0.7703810741272139,0.6001975316830868,20364.7599656771,3.59066298882578,1.67609803413151,2.44214010238647,5.19739136324382
-0.4910258943530655,0.7571956168925991,0.7496418105656895,21197.1990880347,2.75379162735039,1.45932018032106,2.52290010452271,4.30854271411236
-0.4837727431272364,0.8789962603358021,0.5544176147571884,22196.2077459266,2.24234028518922,0.869896781374133,2.71934008598328,5.26432659466724
-0.4501554356607524,1.2235445351207503,0.7838739189361352,23365.1402064812,2.53457382137932,0.752754047671926,2.87258005142212,5.79954841503216
-0.4427977718719644,1.117105096772903,0.6214357820850855,23887.0595538423,4.67389655533408,1.06818326165412,2.9888699054718,3.01298487281167
-0.4519805299480419,1.195811071827805,0.6554572883005517,23952.8132191069,2.75649654493929,0.95576859415752,3.14668989181519,0.792698989518186
-0.4918144724159524,1.0845239682913037,0.5672384104316051,25455.6174843658,2.93928652655687,0.830430228021659,3.3157799243927,6.80482491783671
-0.5020709011701013,1.2157483900585486,0.648100083665414,26191.6442615421,4.02596500436091,0.779787886802945,3.59198999404907,3.68566778212526
-0.502564846696781,1.1358283130059317,0.5714085493729714,26680.2754448705,2.18707104433316,0.743001113839527,3.8503999710083,2.40253099246186
-0.502361441220197,1.1981042603264198,0.6246990806324035,27399.6159477521,1.30134754547413,0.93143827823753,3.95124006271362,3.16470863647184
-0.47153749614996,1.1202376193568149,0.4891167482223484,28100.0102759544,1.27477446401322,0.624700011881538,4.07785987854004,3.2024537945736
-0.480721545205391,1.1224098284615924,0.4220845011418154,28737.4391706499,0.706331772455743,0.279944815832785,3.97819995880127,2.80910326824133
-0.4831022853264187,0.9093998257790772,0.4646496071947207,29467.124342556,0.971685739912173,0.80712561488255,3.9870400428772,2.94688171508626
-0.4933874091299788,0.9197986312873456,0.6097385401781047,30312.8888500809,1.94433230786365,1.10364025144874,4.29205989837646,3.15963574012777
-0.4989638376900163,0.9536523867651178,0.8268820834598782,31059.2668087927,1.47583935002644,0.706084799750036,4.51632976531982,2.90740377377135
-0.4689935157118122,0.7360494388085559,0.8470426210244371,31645.9498343307,0.383000303608088,0.58339386057331,4.62702989578247,2.24397786011012
-0.4171936362517265,0.7465876972621495,0.8785712741849376,31378.1579340648,0.537288023411766,0.533043337613518,4.79571008682251,-0.709415359397681
-0.7820075124868756,0.7655532783738255,0.9096825838432824,32771.0724243229,2.4983333333334,1.21315499855807,4.9098801612854,4.30473481906969
-0.4154289123266023,0.8901135325641191,0.889745851169862,33690.3788793046,5.0895136506284,1.49617378306838,5.21081018447876,2.61267219187226
0.7935505220203791,0.5848077822941711,-0.3276338853340196,3728.9358665501,6.90845034828451,1.21109651353017,0.0973000004887581,4.05174632926911
0.7001282374752774,0.6018711746039148,-0.2334958151698945,3929.92062023571,3.1790022823606,1.08281211166124,0.096050001680851,6.37797889289399
0.6462675755522559,0.58944673371055,-0.0130200618063677,4057.7158346231,3.76836783062097,0.798746315198802,0.102909997105598,4.20595547677647
0.4787946513634091,0.422548458924864,-0.0450279499552753,4214.74117992085,3.95888846593072,1.01937184461335,0.120339997112751,5.05362488994436
0.4830149121448917,0.6486291357179015,-0.1661763849729272,4436.00789945768,7.70413767850602,1.45462805347274,0.118179999291897,6.46068127065753
0.593449265188245,0.6334077767831915,-0.1277138707243186,4493.03575444544,2.13503773713198,1.70888696252002,0.119489997625351,2.31008425545845
0.5305408974008645,0.3569531892225178,-0.086518708816364,4227.23315306594,6.15394508391736,0.514700552667608,0.116159997880459,-4.62451503749502
0.5972817704987352,0.5347441932247432,-0.5266618459456629,4033.14561476298,49.7211021114328,1.19249322228343,0.105060003697872,-7.34919301306745
1.1752805922007024,0.3276049134422462,0.0170399678218423,406.70122213637,16.4985255315846,0.273965160881608,0.201729997992516,-12.4079711055149
1.1282371756573213,0.4322378966588668,0.3893903963039203,433.601040301214,-1.70400479616297,0.202025723705933,0.290699988603592,9.78489212474175
1.1284685804362418,0.6585173562980625,0.1095199947979702,443.278654985967,13.9558018033211,1.0446898563867,0.1925999969244,5.25700362208742
1.1096344784672358,0.4509664236075488,0.1047427428400318,450.955230911228,18.3638246468932,1.45800803699285,0.150959998369217,4.75584509499119
1.129722540118062,0.8711860213724947,0.1524252823396505,461.540337897729,10.7656371554865,4.60749200280628,0.141190007328987,5.3985084485368
1.1510537813602708,-0.535106748240062,0.0953798804955893,473.785462328449,10.2879663187671,9.26011530963958,0.120909996330738,5.71056419885052
1.1421133934026606,-0.5463926778880019,-0.2702160117193279,490.963935389518,9.29650839381058,10.5779307609142,0.117640003561974,6.71263253913001
1.172675238760206,-0.4333886300016802,-0.4561810488929792,457.789754866068,8.95421802392948,13.4485427881281,0.130539998412132,-3.9787086116544
1.1358450798288269,-0.4232914921840542,-0.6456782377984333,447.417143030687,9.24732173644116,9.13867133828112,0.099030002951622,0.619239744622121
1.0683384512636722,-0.1636048804931617,-0.5255128018177531,441.755158414121,9.48254048582995,7.05979214971635,0.0906699970364571,1.57842705366555
1.0058029135494089,0.013667763463388,-0.6368697697746092,443.343869908205,6.08040811088295,2.97751123297568,0.0132099995389581,3.33920311195367
1.074219428773972,0.0025598912169195,-0.5360313972107726,451.15659433146,6.03575858154679,4.56460803171495,0.012640000320971,3.99314606199499
0.9921332986392996,0.005015399439246,-0.6174135816950322,456.851859574031,8.60905075422951,3.52797151000057,0.0127499997615814,3.93330759462793
-0.2332998999429511,-0.3674712383088399,-0.0097125193314183,9581.96970218684,9.49156149435403,2.47719212470142,0.292050004005432,5.02928399378261
-0.270295996056224,-0.2362559791759462,-0.0250588231927236,9242.27886137666,5.03072733151295,2.48685750053046,0.337449997663498,-0.236588001922641
-0.3014421076486336,0.7629376708496087,-0.0538002122948722,9221.9966670073,4.54690012118718,2.37188032037657,0.374540001153946,1.18554486709559
-0.284657012100702,-0.3174461797819187,-0.1907129627127245,9421.28976148291,4.68840884843143,3.06821035154364,0.370530009269714,3.56544102622887
-0.2861024036526997,-0.313397599717888,-0.2991639189305428,9491.51730283716,3.98805714597437,2.74220134218643,0.38102999329567,2.11324711473297
-0.2919827974143063,-0.2417440104430375,-0.3985502513970708,9813.82804202904,3.62946762439132,2.16893035275929,0.352979987859726,4.80501351664901
-0.2999855578163538,0.3236306049796832,-0.4609485311075507,9877.69532652913,3.96684905458234,2.81398718042151,0.380389988422394,2.0778639395329
-0.2784528947683802,-0.2105580413868789,-0.486245019975995,9826.34218464752,5.12498274575896,2.56307995857491,0.424160003662109,0.943331872912935
-0.3035479464408735,0.2568308986612627,-0.4495397611863514,9074.1188146315,5.29735584228857,2.08311648626813,0.457480013370514,-6.29525056697287
-0.2846384861905966,-0.1311315831743338,-0.5129095230376858,9389.06722045352,4.15672722680173,2.76223720256236,0.473529994487762,4.97133457799899
-0.3036057859917876,0.3074821333770521,-0.4983587317362507,9575.93437796508,3.40737824605738,1.94422336329047,0.452679991722107,3.44404506308874
-0.3077629564144994,-0.1685247731424914,-0.500673037978736,9782.51776268033,4.11150981070296,1.45258915069985,0.402839988470078,3.55321075512755
-0.2943081956627438,0.3593360572069677,-0.5893221170619607,9738.71059677222,3.80639069747206,3.83670268055928,0.408060014247894,0.852101550164704
-0.2641793036941481,-0.1105286617991322,-0.8073568512306506,9862.4812527519,4.01861608078671,2.08414429282885,0.419620007276535,2.50376349862891
-0.2812448713270048,0.4538942418533931,-0.8025854807762567,10021.2386124039,2.72064064964029,2.98782780278644,0.414770007133484,2.70232344844723
-0.2861410618675152,0.0534455087252936,-0.6849646695330062,10100.5021214851,2.82170784747655,3.49742421075161,0.376010000705719,1.77249323400358
-0.2652749709508906,0.5786106973087828,-0.8400591888431869,10193.7727202899,6.04145724018993,2.78254366788758,0.319550007581711,1.87172854186539
-0.2520612309146769,0.0968094723004249,-0.7620572781565425,10296.8690920868,4.89935015356547,3.01355010132609,0.29815998673439,1.97208207701884
-0.2475842234855588,0.7582589602179712,-0.8412525325148279,10159.4448356722,3.63596142127045,2.29639390866973,0.276059985160828,-0.392690505099296
-0.1814204886797907,-0.026537095356183,-0.8145647254452837,9234.64362409252,3.39683415570006,2.81349178443172,0.291909992694855,-8.35403456576364
-0.5869991704280779,0.642992543747629,-0.80917445146335,9728.05680082173,5.68920847683757,2.69815759567076,0.273779988288879,6.04848345704632
-0.7294628490270632,0.1658249963084337,-0.8054327920840048,10013.366859074,7.89627619168551,2.66415918311792,0.257820010185242,3.71098893117183
-0.7575503564089677,0.9096790497509668,-0.7764573927516679,10253.5262648956,5.52796087314385,1.72931055025628,0.268189996480942,3.2953909570288
0.0218440070174305,-0.2472384882539438,0.9680967862992964,5867.77362995049,6.4193337222115,0.653687020805774,0.363169997930527,1.61491865862433
0.0161140614466199,-0.2697813667518335,0.8319838408782338,6170.64876733851,3.92105357558187,1.0624597935284,0.321709990501404,5.92544548947731
0.0227252211636787,-0.2753107520437687,0.7898938970054705,6397.59346169031,4.71037060105884,0.208397536162955,0.363290011882782,4.33001985464357
-0.0148961464309655,-0.5277484574871195,0.8568886840608391,6472.87388554741,4.93717004981794,0.635284471239675,0.355740010738373,1.77754302034454
-0.1542306066913796,-0.0094709246786548,0.8425617399167187,8591.96715947096,3.85216033315982,5.04785007656985,0.177729994058609,3.49611836470866
-0.1973420153856893,0.1321405052180388,0.7848647989606456,10247.6960577758,3.66699702675919,3.50016899710763,0.354229986667633,3.93798380632353
-0.1970340068833458,0.0315671676243476,0.7422003091640693,10652.4836886859,3.21605383144576,3.12514164351111,0.333869993686676,4.00674057198549
-0.1996185699587463,0.1513025900955419,0.7223294661486745,10956.9450226163,0.405655190309536,3.07610893965373,0.35699000954628,2.89128499346516
-0.1709082042893275,-0.3367719962502796,0.889665040944845,9362.87435896817,2.58080077182826,1.96937222717258,0.402990013360977,-14.5465381490166
-0.6205362953750445,-0.1438815170277698,0.8671364392759717,9679.12123882353,4.02852888157382,2.26868526221966,0.367839992046356,3.40379866177662
-0.768473275946375,0.1532166080812118,0.8535937172998836,10552.2905595266,10.7737512242899,4.22930927251408,0.308299988508224,8.69306675264066
0.7703940667624888,-1.5179336798549663,-1.5970844653153864,2020.83316299454,5.38800796858628,2.16919536982393,0.132229998707771,6.59113036068734
0.6206859325581539,0.390554838304278,-1.5759331881878642,2431.53528472982,11.3964223378115,0.485777628049362,0.284440010786057,2.20842927714881
1.2623093096094995,-0.7269660178360295,-1.357212884589439,666.865095417138,9.90783005306479,0.0079321573519278,0.0543899983167648,6.10463914373472
1.3673598492338606,-0.6999712765015027,-1.1718147464603856,692.400000816919,11.0948237386987,0.297715388957693,0.259240001440048,4.5330787246486
1.3674768700808853,-0.1170558780982818,-1.1462258029793282,721.265221364302,9.32650410745394,0.548294665887946,0.302199989557266,4.81641464694573
0.444225297781226,0.2903999961773433,-2.0636835530967708,1261.83161907857,11.9160927116277,0.575055145839944,0.304910004138947,2.68011685421705
0.4424660016608341,0.1662820148130052,-1.8786930093712249,1309.70080446386,7.69215611899569,0.515353849332245,0.261790007352829,4.36686504978387
0.4228539768454892,0.0708091442114561,-1.73279863254682,1380.47020838317,2.52932817254228,0.557734356032139,0.221929997205734,4.21794209572506
0.3388594768604792,-0.3322512862052592,-1.6721989897320682,1495.26187528032,4.08537368032612,0.735837049658425,0.212139993906021,4.43262590683975
0.3869175674678618,0.4705182563722646,-1.6311872964326808,1573.8330826937,10.5783618004555,0.696146480411465,0.174750000238419,2.49763692943365
0.1367586758901323,0.1498139094400209,-1.2837847403272478,1595.02792175422,9.49621056124947,0.616039439073827,0.164309993386269,6.51388575852702
0.2850778067457667,0.0225460956458813,-0.4252412579145399,5453.45718713631,3.36931095333853,4.47262658184166,0.0828199982643127,6.32719240161117
0.2812268813915397,0.0077823345766145,-0.5973339651288113,5740.04346272472,3.61121294940168,7.36173683394684,0.0553000010550022,6.13972470560435
0.2552289145789831,0.0216162773043891,-0.5701089779941826,6021.46142765232,2.76789666081998,4.75734900182415,0.0817399993538857,5.85251821084928
0.2348444840171156,0.1020261869249581,-0.499726841036978,6103.91864749969,3.41194579807468,2.12302965027806,0.108050003647804,2.38215737180541
0.2228942029525437,0.1021879640983399,-0.4146530383019928,6231.71150338894,3.39809194746301,3.86551316954964,0.117020003497601,3.25224477218451
0.2146621692587447,0.1029753966233328,-0.2096731737068107,6392.25474941014,3.55717663556283,3.54628188735842,0.120080001652241,3.95331871520767
0.2716673146967815,0.127839055731775,-0.3140381228241969,6457.41940254721,2.99490045809443,3.5133314939664,0.120849996805191,2.51883544233135
0.2949397592235976,0.2078884801404496,-0.3412432679776223,6593.14437459526,1.50915423024742,2.63824619479376,0.126829996705055,3.969351341365
0.2774460266608876,0.2735863132982703,-0.2276124031997917,6626.26083494969,2.25212191358024,2.09128983397663,0.156959995627403,2.24063176875049
0.370287613581387,-0.2634086342242565,-0.3474939706607734,5831.83024758521,2.00241205759293,0.329387076302566,0.172289997339249,-10.9333065010382
0.2678726100295402,0.175492237923673,-0.4169148684959612,6547.84718181776,4.27166381536798,3.15570902335973,0.137520000338554,13.3626240903125
-0.2968372144918938,0.2960071066083903,-0.5772798005369207,6667.51695632036,8.33370630096233,4.55221582089149,0.161779999732971,2.8090335533015
0.3967853651248503,0.0677545843583322,-1.0301339214157876,2416.75212064542,4.71841704718414,0.856963002985963,0.112219996750355,3.85823282795663
0.364558807777571,0.1248437169555015,-0.6858546761480673,2654.41506933978,2.58268766141799,1.31642638378197,0.132070004940033,6.75053130142255
0.3266100037462604,-0.0887291739016705,-0.6093382932556728,2909.85818010301,0.674192536845415,1.84018010717942,0.156829997897148,6.34830971672761
0.2566629172880122,-0.0221602331195874,-0.8003483845912887,3410.93647976109,5.3093466162771,2.86833826070497,0.322219997644424,6.34148557153473
-0.5937260359617637,-0.4408970236334024,0.7048779281016925,7401.57697647848,9.90017538843064,5.39740366105294,0.640779972076416,4.65633252988236
-0.5720205558282091,-1.0691235443680676,0.7828288452290275,7640.99307757777,1.90528215048056,2.04862965818155,0.556749999523163,1.90119437968586
-0.5927535432915328,-1.0842834085732218,0.6984392857119104,7915.55424389704,0.682701375787675,2.45743497066474,0.538060009479523,3.52337117234833
-0.5903343086537228,-1.1570640142631072,0.2924924964690399,8323.38773754587,3.38264681884692,5.41150845702569,0.552500009536743,5.09079546409544
-0.5960058295354217,-0.8933483013612256,0.4903654233188572,8598.57681241557,2.18379872390258,3.59641795552772,0.562780022621155,3.26082274679216
-0.6118934129935724,-0.4230282644443267,0.4901159544280631,9137.65850849801,1.28469394366408,6.20790606582043,0.55102002620697,6.20210710934373
-0.610258435367318,0.3577946103170418,0.6940906839009588,9760.7042604352,2.45874312385402,5.82502177093229,0.561930000782013,6.7604478527626
-0.5797962866431869,0.5741081043801117,0.9179669041608568,10187.2017910883,4.16497193524764,2.7209993736918,0.599439978599548,4.38377069274605
-0.5243174098796876,0.5418023730174196,0.923820552289646,10446.5289138524,3.79539242483405,3.18105494953636,0.661059975624084,2.61512859291683
-0.532778308685473,0.4553154848758609,1.0124756254355305,10808.3975674238,2.58069370250543,3.94489462074706,0.726189970970154,3.16892748258036
-0.5105186767868446,0.4351310382690359,1.070670779617687,11370.313427173,4.23940149625938,3.57128957712437,0.752210021018982,5.25546256612796
-0.4816825556939917,0.4385201816201878,1.1110411913440728,11542.2353368014,3.56037151702789,1.52886091421625,0.889970004558563,1.51178167644575
-0.4679176099741374,0.4270556335428317,1.0595622844263055,11628.2286809525,0.991982606332409,0.258983446617592,0.884829998016357,0.684240607051805
-0.4306381892530462,0.5410838507802099,1.004460581104262,12093.1622787394,0.0538213132399892,3.85089176515991,0.950760006904602,3.92050862390032
-0.4245883184998575,0.6842024405964265,1.0224867662587114,12637.5220324406,-0.874125874125848,3.29546177974363,1.00423002243042,4.43176700264478
-0.4452157414614964,0.8302879209147341,0.847704043934159,13026.1858988718,-0.664767331433944,3.81608721408819,0.968209981918335,3.03117767594847
-0.4626182149053323,0.9799872239513155,0.8221819851294068,13695.6452848724,2.07593553673849,2.37812815599278,1.03785002231598,5.15245773325907
-0.4215048932770053,1.0453283527634545,0.7636771671989225,14551.0850277089,1.81295156542687,3.34803954559233,1.20609998703003,6.2458584723942
-0.379107079428723,1.052832551856094,0.7975941766784138,15221.3090624454,2.22747880938301,3.15455649244208,1.32334995269775,4.58045817256199
-0.3443695646538567,1.0828680630840493,0.7678189345371438,15090.2228440113,3.37446972618589,3.31499087827758,1.38608002662659,-2.03556882399977
-0.5869718623311431,1.0708522835073435,0.7281989849770791,16368.6239689025,5.05502704719269,5.44306784714588,1.4318300485611,6.92718266052501
-0.6701670001097092,1.0952789854984688,0.7141529812905213,17303.64494323,14.4294507575758,6.00626051695503,1.4538300037384,5.25545697386036
-0.1503306641642019,0.4530544027889421,0.1713928479272766,5248.54994632668,22.5398862605386,2.48342020141655,0.37720999121666,5.70299165043771
-0.1942250283599897,0.5947409631809744,0.1046250010734249,5410.30835796252,15.2734889936255,3.18995908035532,0.39708000421524,2.34114732919521
-0.1531684293316568,0.5069278394652594,0.0031266821716487,6008.64048461485,11.8743635936399,8.59368512961184,0.389420002698898,10.4281130180976
-0.117345869988123,0.5769640946872335,0.0522010812923419,6328.09022324183,9.01491283343835,6.60067175776297,0.412620007991791,4.6681480508487
-0.1540021558261053,-0.0253621567067188,0.1165004220405233,6876.77841417966,6.55851412276983,9.02006052535516,0.456820011138916,8.02881107599163
-0.1579624807272247,0.0612679927930214,0.1334230120459031,7483.97375820611,4.83732928313988,5.78679016158104,0.51147997379303,7.23380774362805
-0.1114556630384912,0.1187190770058441,0.1475818215821686,8318.00342795388,7.85080255714483,6.37741866098849,0.552150011062622,9.30746717077338
-0.043261069947008,0.1403090105778063,0.1825607525181877,7924.87058070212,5.58742004264392,2.66364407064905,0.443949997425079,-5.51670615843011
0.0138091430448804,0.1544699277280659,0.1098962097581729,7660.70667630517,6.09141668601892,1.88971859139686,0.44666001200676,-3.90581157302972
-0.0624557651436515,0.1433945302927141,0.0699542377163474,8044.57194920892,5.78925328815879,1.23042689104897,0.474590003490448,4.49558909946313
-0.0473281921036991,0.1205666379187897,-0.0159828359194196,8234.28553425194,3.33492267693444,1.70143772893217,0.462399989366531,1.90361696799603
0.0437983321299834,0.0415749984055413,0.0837575543658618,8287.95844089676,3.98471235548128,2.03100513989555,0.390240013599396,0.278771877470234
0.0999906896733884,0.1491028168988612,0.051163827964152,8661.47397274241,1.06830987684295,1.9372882717301,0.382079988718033,4.11600109267832
0.0735053427832566,0.1229950287133729,0.1566398974983484,8977.01748158196,-0.594156437495146,2.42725822119064,0.487960010766983,3.1570360543854
0.0961811273021718,0.2455843398944471,0.2012885582522827,9286.87678236598,-1.54479666813903,3.37417569649644,0.488640010356903,2.85993252302089
0.0479344826252771,0.2566283270529518,0.0961801598378043,10106.2269557253,1.33902121104398,2.8327307446025,0.506929993629456,8.19547826641261
0.0496148934473107,0.3079323880957317,0.0423310163804677,10788.015091463,4.62548443137774,3.01622370394842,0.49728998541832,6.120930007146
0.0683672907442255,0.621725587693847,0.3276832923939389,11270.4758020159,3.82785432599435,2.92654448293784,0.476159989833832,3.92326384963494
0.1127563511633199,0.5143961762437446,0.3843859856920865,10916.3126056493,2.63107311184746,1.42933934913703,0.465380012989044,-3.67438440910189
0.0307331476083755,0.4976747756477598,0.4466727930125985,11607.9771173075,5.05232876096582,4.10663720203626,0.472339987754822,5.5457096259051
-0.0460001694007184,0.5917951035803981,0.4027770825317838,12114.8715109948,13.7954887432521,3.87290125410084,0.45881000161171,3.96530766311717
1.2371809258398667,-0.633077487125696,0.4469483546845643,759.606288682716,7.17434301982013,3.21723490244108,0.6494500041008,5.97074525431094
1.188963239561824,-0.8918372120945477,0.4646110399026215,874.639659543485,3.34787655037643,2.54289979218123,0.758530020713806,9.44738518613097
-1.2894384630784774,0.3146321248727059,0.1349891302159645,20765.9387688082,0.612194122665989,-0.271772775519938,0.06233000010252,8.76873381743964
-1.275252808667853,0.2595509406184279,-0.3937834698163489,21545.894988606,0.515509265673334,-0.129209725410009,0.0531499981880188,8.63100545880309
-1.275053936107794,0.2108498163163829,-0.0492087882080737,21838.1915349374,0.479229463955303,1.33515850333851,0.0423000007867813,5.94489623934835
-1.2595078676617488,0.1676780773062733,-0.2615999207723864,21616.3355772516,2.20902350206394,1.58553602335569,0.0424499996006489,3.31348473625901
-1.2359869729318127,0.0971095225050922,-0.2156948646545375,21196.7926036633,4.16782716547868,1.48457884530209,0.0452100001275539,2.21365396372528
-1.2528849171815497,0.2344266897543674,-0.0556136803565821,21629.8405734551,9.87024418404628,1.05925699592349,0.0490199998021126,6.2379875365458
-1.1979850022504612,0.1357073632788672,-0.1485212186420172,20577.5453445336,5.05722336873032,0.10169038708409,0.0733800008893013,-1.06671711240203
-1.28325303376166,0.2274715843902167,0.0358219734656855,21830.1424272816,5.33941623014107,0.923670092367435,0.88400000333786,5.0395150823517
-1.3027869583619742,0.2220486680428201,-0.2927144249300201,23314.565137181,5.82621886161563,0.688133631504519,0.890680015087128,11.7588568052005
-1.3061230020862922,0.3071865534380079,-0.1554912861614667,23643.028607702,2.86626976609009,0.669626013751334,0.869899988174438,5.76150732412802
-1.25673915492073,0.2844335238740145,-0.1174366434106888,23057.3562910391,3.52995515752938,0.437984195574321,0.807359993457794,2.94569990701297
-1.1505984324584035,-0.1313340657883783,-0.0955698950006552,22827.671935548,3.4454670643357,0.211115523412857,0.498019993305206,-3.80476473038999
-1.1307509236958335,0.0896286772239565,-0.0394619396778364,24922.6716948944,3.06328988941548,2.8850612174452,0.442660003900528,6.51959698325419
-1.1964176592512268,0.3091027395807705,0.1373203779535232,26706.917926066,2.47407371925371,2.1556449627378,0.463169991970062,12.0005874752929
-0.1800476182821475,-1.162777091399374,0.2588813087511358,3444.55582504699,3.22525337438916,9.42473369729129,0.677290022373199,5.24409983246916
-0.1924492866521077,-0.3516852133624738,0.1768305936260758,3642.12450341045,2.96694432477349,3.89395159860218,0.66540002822876,6.70952097453554
-0.1880355489823578,-0.344149119880492,0.112457384981335,3760.12316696001,4.34502807623046,5.79738619600755,0.63933002948761,4.23778147502819
-0.1739747342983639,-0.4256773938292834,0.1367432091568778,3835.25509911786,3.66490330642919,3.50988118042442,0.706439971923828,3.04345012371552
-0.2115770907033696,-0.2074400271252374,0.0439357737600851,3906.91133143991,3.33897963601068,2.88814231758981,0.658060014247894,2.97113275066512
-0.2034690663609122,-0.9176932798630958,-0.0697723644110937,3784.74620448381,3.24002842009531,0.899077534980039,0.674579977989197,-2.04663389535644
-0.2075488698714948,-0.8635369054034534,-0.2872261545012184,3900.05126518371,4.6118443220664,3.28518933963283,0.649370014667511,4.21667711535632
-0.1905217618568415,-0.6727127346617249,-0.3957637544123637,3947.59276091668,5.31623531326692,2.1744128074392,0.637000024318695,2.42993096446429
-0.1950992520200029,-0.4887915433066982,-0.3541510118686243,4021.60476871861,4.62555099534026,2.03842746868013,0.619880020618439,3.09032803070775
-0.1965269161343922,-0.1248447580816162,-0.4484062388357466,4014.94773686432,4.437371273215,2.11999260597179,0.594129979610443,0.967703108220121
-0.1913102335626043,-0.6405748701858396,-0.598821345907999,4015.29664102169,3.62939937384382,1.40344558640993,0.56538999080658,1.11742594891074
-0.192658892825128,-0.6244181657067245,-0.5300059046502996,4062.22677519573,5.30884839565845,1.9233125677007,0.699540019035339,2.23783867965943
-0.1913367764753781,-0.6126138978197901,-0.4159717748554309,4128.10393763368,7.30759176031653,2.32248034984414,0.716449975967407,2.62493010870395
-0.1835926599741264,-2.150197703339962,-0.4348895379285174,4154.95861594283,6.72007532863797,1.94487649950903,0.746580004692078,1.58784665466504
-0.9214632341893654,-0.7860484468542586,1.2822429188891076,11574.470540231,6.39764974385131,7.64053554410063,0.363849997520447,4.09857735445401
-0.6867159652734127,-0.2236233126912192,1.328745954526696,12310.482735502,8.11464561179312,5.70951115694377,0.421590000391006,6.54151084504817
-0.8952088481630766,-0.0600710080559154,1.369895668755611,13165.83628166,7.87707374730889,6.88302281006264,0.374410003423691,7.17614466455107
-0.8088953737192095,-0.0676308010644494,1.285182532378763,13691.71420689,7.06221874388573,4.89964589428753,0.402390003204346,4.24349419462426
-0.5144386104450173,0.0218164638847284,1.331879475761102,14722.3780081191,6.69870886978133,5.22300143125049,0.328819990158081,7.8034096507169
-0.6665290410022678,0.1805890369277961,1.403588528673798,15443.9961926395,8.09283206302989,5.34359480768242,0.329620003700256,5.16213302463606
-0.7768900091110909,0.2411673387666509,1.3094050456319863,15949.3176985435,8.097765805736,11.7901578728278,0.308079987764359,3.53817872056869
-0.5895192862218218,0.2078834707497522,1.3748250670055588,16639.4054750651,8.57513504005399,1.60901257578737,0.291180014610291,4.63753862902416
-0.4544412181459172,0.2072696085975147,1.4773961307056869,17122.0364563225,8.87735333229825,6.6430584199945,0.317070007324219,3.23879122952364
-0.3951576017236313,0.2067842432903345,1.43103007827973,17125.9016800298,8.66626987079334,4.6342339444993,0.351090013980865,0.370741257681345
-0.3787467924941757,0.2022125287495922,1.4326042889961197,17357.2349992841,9.63941347635079,-0.897082488190792,0.373910009860992,1.68979822971775
-0.321551672752369,0.2191761105083666,1.4312473984809482,17611.6036701032,6.21809382561856,4.13270996152796,0.440519988536835,1.74037643374211
-0.3071040738582027,0.1573055548707151,1.3969802444519108,17608.9441195037,7.60653360377048,2.64222389301977,0.504840016365051,0.164777608940113
-0.3212785085261838,-0.197923743454595,1.3926444517495924,17758.4384372986,7.88198870879619,2.35703341175475,0.568050026893616,0.928351141267498
-0.3179825704133969,-0.3958230958387633,1.500812396909878,16443.3635000843,9.75640636078194,1.81750744846519,0.67467999458313,-7.35732706484723
1.2059134913201952,-0.3167024770034577,1.6170163170146052,17416.0052208869,7.74791402314763,8.50404179273101,0.6144700050354,5.84427312558179
0.9491558213109288,-0.1503273165027661,1.6533868133283027,18228.3558443761,9.10437983075439,12.4804063396028,0.625919997692108,4.48622703072073
-1.18085296002501,0.2929916753772968,1.647863528589352,48616.2546267835,3.37685727149929,3.40578123865959,2.61982989311218,4.07758576006954
-1.12991711429225,0.0844208198193558,1.33759418779676,48967.3661209521,1.58603162650601,1.01613965201918,2.54745006561279,1.7004473278454
-1.131875077459435,0.0383478593383066,1.1269788619947936,49905.5233079503,2.27009497336115,1.0221840098809,2.55014991760254,2.79560596521233
-1.1270460149724364,0.1053877182892129,1.00502484994131,51348.3473392466,2.67723669309172,1.74869094348654,2.48686003684998,3.84777169424153
-1.1188893434598886,0.1043703203115086,0.9539212876897012,52649.5713058632,3.3927468454955,1.09166231632209,2.50192999839783,3.48354993544559
-1.0941283866205074,0.1292223596327819,1.1656725565901849,53596.3152369749,3.22594410070404,2.16033590475335,2.54544997215271,2.78453963817891
-1.1043169907938588,0.2682479862824116,1.1164310694414143,54152.8292653448,2.85267248150138,2.39469075656401,2.61515998840332,2.00385829909158
-1.0485397437686184,0.1815907213304932,1.2693231891334231,53703.9628962873,3.839100296651,2.30937838146355,2.74481010437012,0.113587248160997
-0.9736730698763972,-0.0241517851622438,1.108614546026124,51863.6183424227,-0.355546266299747,1.11260018343609,2.79181003570557,-2.57650023225001
-1.005515857197157,-0.0555298650048747,1.091855318880338,52812.682985453,1.6400434423899,1.75453192115262,2.71444010734558,2.69519258234851
-0.9605687307499152,-0.0424915982453115,1.177997046849206,53215.5362316915,3.156841568622,1.68911235141732,2.73802995681763,1.56440685537306
-0.925586613775242,0.0056238878376619,1.2788330819656253,54000.8410760833,2.06933726526067,1.54020833064168,2.67272996902466,2.289113386319
-0.9270468765952864,0.0673557267067688,1.2318151298459037,54728.8601798884,1.46483265562717,1.70686814034716,2.69591999053955,2.11783009786468
-0.928130377935993,0.1199340214501656,1.232846773171644,55665.2411167663,1.62222297740817,1.43033863092168,2.70881009101868,2.52381981372621
-0.9064654832946862,0.2195200104620712,1.2716157388386642,56849.4697923159,0.118627135552451,2.79548220201356,2.77327990531921,2.94555045599772
-0.8711322162403246,0.248381494463451,1.0975204990982603,57430.8499282527,1.26158320570536,2.52268117379751,2.8367600440979,1.81945147620522
-0.8455225021711471,0.282192477313483,1.0318125915398344,58435.9707521832,2.13011000365961,1.94177554246862,2.88356995582581,2.45762230175086
-0.8748498015730625,0.3063219135206182,1.0769447116027049,59817.6556796969,2.44258329692817,1.03945408799819,2.99044990539551,2.96650506916596
-0.8591088883867085,0.2185812688840949,0.86127495614633,61047.9648235152,1.81221007526021,1.46696501417689,3.14703989028931,2.58382533018889
-0.7608142246309649,-0.1330026957268162,0.6990619538030186,59484.0335530935,1.23358439630629,0.641871902381299,3.42466998100281,-2.16302913866512
-0.5315247225388413,0.1728640741026773,0.6966318878819391,62986.6563127547,4.69785886363742,2.01829546351403,3.48312997817993,6.05505293304556
-0.473164344167184,0.2326856651914932,0.7564720499345008,64198.4324880296,8.00279982052121,1.60299809746593,3.58623003959656,2.5123753198332
-0.5147492931172881,0.2360582262680341,-0.959890602872581,2271.00936223002,13.7797446476602,2.68375111593279,0.14877000451088,7.52513989422977
-0.4862087791411713,0.2826682998675846,-0.871170127218242,2395.84036755728,13.2088026688373,1.10230120247607,0.155120000243187,7.10244488706317
-0.4850681582797012,0.289554658643484,-0.860709593487077,2530.68447898703,11.8414333622049,0.945033981533171,0.155000001192093,7.29655036969899
-0.4671114148678391,0.4717120505050065,-0.6663892091859787,2659.99075095273,9.28309356162694,1.00027476951682,0.153349995613098,6.8738384408164
-0.4568058833589986,0.5664044870344582,-0.7746541295815246,2803.19018021751,8.75188196737505,1.20794015152469,0.164969995617867,7.21877350820803
-0.4749773486585395,0.5653817158877205,-0.6739695091154043,2918.67725852903,8.13088669523601,1.93048466413592,0.172380000352859,5.93215079993293
-0.4762177057981147,0.5038381580760257,-0.6460476158180624,2995.76761437743,13.8757425441635,2.57993736270607,0.148340001702309,4.39527463349263
-0.5161388667520156,0.5294300460271695,-0.6228851569625029,3108.1618786112,17.5241796514055,1.06427628704368,0.123939998447895,5.55919572919288
-0.5070698223966378,0.4488260525346724,-0.5989026941237857,3259.36964632494,14.5257359560686,3.44235052410005,0.113059997558594,6.77992399655236
-0.5142455730197754,0.3720526644428025,-0.6938712756963442,3249.05191094018,12.8677297362607,2.60108803608825,0.13850000500679,1.56334277260515
-1.022423399577118,0.5821265547471277,-0.454600371969859,3442.7248445034,10.8492397508122,2.94839500995796,0.131600007414818,8.03468312640049
-1.1359514975262934,0.7777771352927817,-0.385458203336174,3576.71552716054,11.4466436998836,2.94947448385164,0.158739998936653,6.00134232203442
0.3031438596636215,0.9213229387749942,-0.0825670890390467,2132.90453762087,18.6777322770707,4.30487434902161,0.149550005793571,6.41316889681683
0.3420081052320595,1.1084243094105908,0.0250736574366207,2320.08431444934,6.59267475899189,4.16454517277325,0.299320012331009,5.55351081026072
0.132065609330762,1.0532428872790378,-0.0685979412877106,2577.56885340113,0.63120090517572,4.93190773329022,0.356290012598038,6.98715430598611
0.2012493005644226,1.1221121465512816,-0.0775129916425839,2868.13680013379,3.52025688811621,5.01148721749681,0.418949991464615,6.94019037359206
-0.0043804520268207,1.1402118826916512,-0.130704686027258,3241.07648966529,2.79582367452249,4.821074861051,0.416519999504089,7.35926270105006
-0.1154852175970064,0.9904931424792512,-0.0908345476917476,3358.21734764714,1.83471554810446,4.27314566190187,0.42493999004364,2.55372852648131
-0.4926459215276721,-3.3147713132875527,0.1171726472380258,5011.62223150169,5.679424140688,0.397492744432543,0.676500022411346,2.94907546754213
-0.5185957551194942,-3.29541846476578,0.288315837386525,5187.35683424034,-0.692039437857689,0.274199790569949,0.726809978485107,4.55455990721774
-0.5252954210418925,-3.1632765449176867,0.3180864162352591,5406.07581377638,2.06285308223427,2.25781874505445,0.770240008831024,5.27705197295467
-0.5245473025862148,-3.249907370439851,0.380392461777543,5650.9883176549,3.24390765419229,0.205125538574008,0.802909970283508,5.60380645895889
-0.5502189615780487,-2.844783564003418,0.3780991168592328,5891.42069421698,6.17781214809388,1.97755772219349,0.79364001750946,5.36047405394162
-0.5675426014027969,-2.7561378987668608,0.2587307901837709,6009.71963138635,9.90998456005467,3.12686614310453,0.805670022964478,3.1910438863288
-0.5493059224808643,-2.744835778049852,0.1488640757737337,5847.05811084505,7.23809523809527,2.31217470344994,0.749930024147034,-1.53808913525583
-0.5572590787772805,-2.822413655077335,0.1648386837917984,5953.94506512821,4.06749555950264,0.884904611686012,0.662840008735657,3.03973288127956
-0.5415741309833978,-2.7266564107184585,0.157382199814189,6067.12482726885,5.00085338795019,0.903381424332556,0.667530000209808,3.16855627858818
-0.5578770337862864,-2.6796048284869007,0.0302851908091583,6121.55783860713,5.73797139141737,1.06492249485696,0.669340014457703,2.39623238465745
-0.5522874930868722,-2.6136686082259413,0.0435479669260965,6170.87670863373,5.78016910069177,2.05358095229684,0.663299977779388,2.48546800826588
-0.5541181320510452,-2.714914796129996,-0.006978659752554,6155.00589462516,6.13282953059149,1.5193274375398,0.709869980812073,1.41382645223793
-0.5200877347476417,-2.6215768604044567,-0.0197456207203542,6112.27382485974,4.5186909489251,0.438735792056356,0.731469988822937,1.32186223678229
-0.5078497639943351,-2.7244773357505547,0.0695248735085829,6095.295060428,6.60290842394869,0.684612553455795,0.749920010566711,0.664552307858116
-0.5135454596584071,-2.7881493427020425,-0.0879111341522518,6125.6920507497,5.18618655524146,0.539673956759456,0.762570023536682,1.15794695181735
-0.4977086710419889,-2.7500493571367457,-0.0656945920325012,6117.2701406047,4.50987264867393,1.37429117153459,0.685859978199005,1.55678384721676
-0.485298720001301,-4.556543648657162,-0.0340791518291601,6032.82972598668,4.1028507546115,1.31407752293306,0.613039970397949,0.25993557687633
-0.4330657321190869,-4.715832478797911,-0.0320936717293853,5569.58483319272,3.23238831615119,0.933073684352394,0.602400004863739,-6.1689177146757
-0.8539216853969719,-5.73451538450444,-0.3045594168913176,5756.19549409213,4.61874544887136,9.6602653363801,0.615029990673065,4.95503259440756
-0.9393389458529612,-5.577353241014436,-0.426855807864866,5783.86090401536,7.03987272546481,2.27046857469365,0.617290019989014,1.91147996033504
